{
  "height": 280.08179959100204,
  "width": 359.2638036809816,
  "x": 40.572597137014313,
  "y": 393.94683026584869,
  "z": 1001
}